NAICS Codes,NAICS Industry Description,"Size standards 
in millions of dollars",Size standards in number of employees,Footnotes,
,"Sector 11 – Agriculture, Forestry, Fishing and Hunting",,,,
Subsector 111 – Crop Production,,,,,
111110,Soybean Farming,$2.0,,,
111120,Oilseed (except Soybean) Farming,$2.0,,,
111130,Dry Pea and Bean Farming,$2.5,,,
111140,Wheat Farming,$2.0,,,
111150,Corn Farming,$2.25,,,
111160,Rice Farming,$2.25,,,
111191,Oilseed and Grain Combination Farming,$2.0,,,
111199,All Other Grain Farming,$2.0,,,
111211,Potato Farming,$3.75,,,
111219,Other Vegetable (except Potato) and Melon Farming  ,$3.25,,,
111310,Orange Groves,$3.5,,,
111320,Citrus (except Orange) Groves,$3.75,,,
111331,Apple Orchards,$4.0,,,
111332,Grape Vineyards,$3.5,,,
111333,Strawberry Farming,$4.75,,,
111334,Berry (except Strawberry) Farming,$3.25,,,
111335,Tree Nut Farming,$3.25,,,
111336,Fruit and Tree Nut Combination Farming,$4.5,,,
111339,Other Noncitrus Fruit Farming,$3.0,,,
111411,Mushroom Production,$4.0,,,
111419,Other Food Crops Grown Under Cover,$4.0,,,
111421,Nursery and Tree Production,$2.75,,,
111422,Floriculture Production,$3.25,,,
111910,Tobacco Farming,$2.25,,,
111920,Cotton Farming,$2.75,,,
111930,Sugarcane Farming,$4.5,,,
111940,Hay Farming,$2.25,,,
111991,Sugar Beet Farming  ,$2.25,,,
111992,Peanut Farming  ,$2.25,,,
111998,All Other Miscellaneous Crop Farming,$2.25,,,
Subsector 112 – Animal Production and Aquaculture,,,,,
112111,Beef Cattle Ranching and Farming,$2.25,,,
112112,Cattle Feedlots,$19.5,,,
112120,Dairy Cattle and Milk Production,$3.25,,,
112210,Hog and Pig Farming,$3.5,,,
112310,Chicken Egg Production,$16.5,,,
112320,Broilers and Other Meat Type Chicken Production  ,$3.0,,,
112330,Turkey Production,$3.25,,,
112340,Poultry Hatcheries,$3.5,,,
112390,Other Poultry Production,$3.25,,,
112410,Sheep Farming,$3.0,,,
112420,Goat Farming,$2.25,,,
112511,Finfish Farming and Fish Hatcheries,$3.25,,,
112512,Shellfish Farming,$3.25,,,
112519,Other  Aquaculture,$3.25,,,
112910,Apiculture,$2.75,,,
112920,Horses and Other Equine Production,$2.5,,,
112930,Fur?Bearing Animal and Rabbit Production,$3.25,,,
112990,All Other Animal Production,$2.5,,,
Subsector 113 – Forestry and Logging,,,,,
113110,Timber Tract Operations,$16.5,,,
113210,Forest Nurseries and Gathering of Forest Products,$18.0,,,
113310,Logging,,500 ,,
"Subsector 114 – Fishing, Hunting and Trapping",,,,,
114111,Finfish Fishing,$22.0,,,
114112,Shellfish Fishing,$12.5,,,
114119,Other Marine Fishing,$10.0,,,
114210,Hunting and Trapping,$7.5,,,
Subsector 115 – Support Activities for Agriculture and Forestry,,,,,
115111,Cotton Ginning,$14.0,,,
115112,"Soil Preparation, Planting, and Cultivating",$8.5,,,
115113,"Crop Harvesting, Primarily by Machine",$12.0,,,
115114,Postharvest Crop Activities (except Cotton Ginning),$30.0,,,
115115,Farm Labor Contractors and Crew Leaders,$16.5,,,
115116,Farm Management Services,$13.5,,,
115210,Support Activities for Animal Production,$9.5,,,
115310,Support Activities for Forestry  ,$10.0,,,
115310 (Exception 1),Forest Fire Suppression1,$30.0,,See footnote 1,
115310 (Exception 2),Fuels Management Services1,$30.0,,See footnote 1,
,"Sector 21 – Mining, Quarrying, and Oil and Gas Extraction",,,,
Subsector 211 – Oil and Gas Extraction,,,,,
211120,Crude Petroleum Extraction,,"1,250",,
211130,Natural Gas Extraction,,"1,250",,
Subsector 212 – Mining (except Oil and Gas),,,,,
212114,Surface Coal Mining,,"1,250",,
212115,Underground Coal Mining,,"1,500",,
212210,Iron Ore Mining,,750 ,,
212220,Gold Ore and Silver Ore Mining,,"1,500",,
212230,"Copper, Nickel, Lead, and Zinc Mining",,750,,
212290,Other Metal Ore Mining,,750,,
212311,Dimension Stone Mining and Quarrying,,500 ,,
212312,Crushed and Broken Limestone Mining and Quarrying,,750 ,,
212313,Crushed and Broken Granite Mining and Quarrying,,750 ,,
212319,Other Crushed and Broken Stone Mining and Quarrying,,500 ,,
212321,Construction Sand and Gravel Mining,,500 ,,
212322,Industrial Sand Mining,,500 ,,
212323,"Kaolin, Clay, and Ceramic and Refractory Minerals Mining",,500,,
212390,Other Nonmetallic Mineral Mining and Quarrying,,500,,
Subsector 213 – Support Activities for Mining,,,,,
213111,Drilling Oil and Gas Wells,,"1,000 ",,
213112,Support Activities for Oil and Gas Operations,$41.5,,,
213113,Support Activities for Coal Mining,$24.0,,,
213114,Support Activities for Metal Mining,$36.0,,,
213115,Support Activities for Nonmetallic Minerals (except Fuels) Mining,$18.0,,,
,Sector 22 – Utilities,,,,
Subsector 221 – Utilities,,,,,
221111,Hydroelectric Power Generation,,500 ,,
221112,Fossil Fuel Electric Power Generation,,750 ,,
221113,Nuclear Electric Power Generation,,750 ,,
221114,Solar Electric Power Generation,,250 ,,
221115,Wind Electric Power Generation,,250 ,,
221116,Geothermal Electric Power Generation,,250 ,,
221117,Biomass Electric Power Generation,,250 ,,
221118,Other Electric Power Generation,,250 ,,
221121,Electric Bulk Power Transmission and Control,,500 ,,
221122,Electric Power Distribution,,"1,000 ",,
221210,Natural Gas Distribution,,"1,000 ",,
221310,Water Supply and Irrigation Systems,$36.0,,,
221320,Sewage Treatment Facilities,$31.0,,,
221330,Steam and Air?Conditioning Supply,$26.5,,,
,Sector 23 – Construction,,,,
Subsector 236 – Construction of Buildings,,,,,
236115,New Single-family Housing Construction (Except For-Sale Builders),$39.5,,,
236116,New Multifamily Housing Construction (except For-Sale Builders),$39.5,,,
236117,New Housing For-Sale Builders,$39.5,,,
236118,Residential Remodelers,$39.5,,,
236210,Industrial Building Construction,$39.5,,,
236220,Commercial and Institutional Building Construction,$39.5,,,
Subsector 237 – Heavy and Civil Engineering Construction,,,,,
237110,Water and Sewer Line and Related Structures Construction,$39.5,,,
237120,Oil and Gas Pipeline and Related Structures Construction,$39.5,,,
237130,Power and Communication Line and Related Structures Construction,$39.5,,,
237210,Land Subdivision,$30.0,,,
237310,"Highway, Street, and Bridge Construction",$39.5,,,
237990,Other Heavy and Civil Engineering Construction,$39.5,,,
237990 (Exception),Dredging and Surface Cleanup Activities2,$32.5,,See footnote 2,
Subsector 238 – Specialty Trade Contractors,,,,,
238110,Poured Concrete Foundation and Structure Contractors,$16.5,,,
238120,Structural Steel and Precast Concrete Contractors,$16.5,,,
238130,Framing Contractors,$16.5,,,
238140,Masonry Contractors,$16.5,,,
238150,Glass and Glazing Contractors,$16.5,,,
238160,Roofing Contractors,$16.5,,,
238170,Siding Contractors,$16.5,,,
238190,"Other Foundation, Structure, and Building Exterior Contractors",$16.5,,,
238210,Electrical Contractors and Other Wiring Installation Contractors,$16.5,,,
238220,"Plumbing, Heating, and Air?Conditioning Contractors   ",$16.5,,,
238290,Other Building Equipment Contractors,$19.5,,,
238310,Drywall and Insulation Contractors,$16.5,,,
238320,Painting and Wall Covering Contractors,$16.5,,,
238330,Flooring Contractors,$16.5,,,
238340,Tile and Terrazzo Contractors,$16.5,,,
238350,Finish Carpentry Contractors,$16.5,,,
238390,Other Building Finishing Contractors,$16.5,,,
238910,Site Preparation Contractors,$16.5,,,
238990,All Other Specialty Trade Contractors,$16.5,,,
238990 (Exception),Building and Property Specialty Trade Services 13,$16.5,,See footnote 13,
,Sector 31 – 33 – Manufacturing,,,,
Subsector 311 – Food Manufacturing,,,,,
311111,Dog and Cat Food Manufacturing,,"1,000 ",,
311119,Other Animal Food Manufacturing,,500 ,,
311211,Flour Milling,,"1,000 ",,
311212,Rice Milling,,500 ,,
311213,Malt Manufacturing,,500 ,,
311221,Wet Corn Milling and Starch Manufacturing,,"1,250 ",,
311224,Soybean and Other Oilseed Processing,,"1,000 ",,
311225,Fats and Oils Refining and Blending,,"1,000 ",,
311230,Breakfast Cereal Manufacturing,,"1,000 ",,
311313,Beet Sugar Manufacturing,,750 ,,
311314,Cane Sugar Manufacturing,,"1,000 ",,
311340,Nonchocolate Confectionery Manufacturing,,"1,000 ",,
311351,Chocolate and Confectionery Manufacturing from Cacao Beans,,"1,250 ",,
311352,Confectionery Manufacturing from Purchased Chocolate,,"1,000 ",,
311411,"Frozen Fruit, Juice and Vegetable Manufacturing",,"1,000 ",,
311412,Frozen Specialty Food Manufacturing,,"1,250 ",,
311421,Fruit and Vegetable Canning3,,"1,000 ",See footnote 3,
311422,Specialty Canning,,"1,250 ",,
311423,Dried and Dehydrated Food Manufacturing,,750 ,,
311511,Fluid Milk Manufacturing,,"1,000 ",,
311512,Creamery Butter Manufacturing,,750 ,,
311513,Cheese Manufacturing,,"1,250 ",,
311514,"Dry, Condensed, and Evaporated Dairy Product Manufacturing",,750 ,,
311520,Ice Cream and Frozen Dessert Manufacturing,,"1,000 ",,
311611,Animal (except Poultry) Slaughtering,,"1,000 ",,
311612,Meat Processed from Carcasses,,"1,000 ",,
311613,Rendering and Meat Byproduct Processing,,750 ,,
311615,Poultry Processing,,"1,250 ",,
311710,Seafood Product Preparation and Packaging,,750 ,,
311811,Retail Bakeries,,500 ,,
311812,Commercial Bakeries,,"1,000 ",,
311813,"Frozen Cakes, Pies, and Other Pastries Manufacturing",,750 ,,
311821,Cookie and Cracker Manufacturing,,"1,250 ",,
311824,"Dry Pasta, Dough, and Flour Mixes Manufacturing from Purchased Flour",,750 ,,
311830,Tortilla Manufacturing,,"1,250 ",,
311911,Roasted Nuts and Peanut Butter Manufacturing,,750 ,,
311919,Other Snack Food Manufacturing,,"1,250 ",,
311920,Coffee and Tea Manufacturing,,750 ,,
311930,Flavoring Syrup and Concentrate Manufacturing,,"1,000 ",,
311941,"Mayonnaise, Dressing and Other Prepared Sauce Manufacturing",,750 ,,
311942,Spice and Extract Manufacturing,,500 ,,
311991,Perishable Prepared Food Manufacturing,,500 ,,
311999,All Other Miscellaneous Food Manufacturing,,500 ,,
Subsector 312 – Beverage and Tobacco Product Manufacturing,,,,,
312111,Soft Drink Manufacturing  ,,"1,250 ",,
312112,Bottled Water Manufacturing,,"1,000 ",,
312113,Ice Manufacturing,,750 ,,
312120,Breweries,,"1,250 ",,
312130,Wineries,,"1,000 ",,
312140,Distilleries,,"1,000 ",,
312230,Tobacco Manufacturing,,"1,500 ",,
Subsector 313 – Textile Mills,,,,,
313110,"Fiber, Yarn, and Thread Mills",,"1,250 ",,
313210,Broadwoven Fabric Mills,,"1,000 ",,
313220,Narrow Fabric Mills and Schiffli Machine Embroidery,,500 ,,
313230,Nonwoven Fabric Mills,,750 ,,
313240,Knit Fabric Mills,,500 ,,
313310,Textile and Fabric Finishing Mills,,"1,000 ",,
313320,Fabric Coating Mills,,"1,000 ",,
Subsector 314 – Textile Product Mills,,,,,
314110,Carpet and Rug Mills,,"1,500 ",,
314120,Curtain and Linen Mills,,750 ,,
314910,Textile Bag and Canvas Mills,,500 ,,
314994,"Rope, Cordage, Twine, Tire Cord, and Tire Fabric Mills",,"1,000 ",,
314999,All Other Miscellaneous Textile Product Mills,,500 ,,
Subsector 315 – Apparel Manufacturing,,,,,
315120,Apparel Knitting Mills,,750,,
315210,Cut and Sew Apparel Contractors,,750 ,,
315250,Cut and Sew Apparel Manufacturing (except Contractors),,750,,
315990,Apparel Accessories and Other Apparel Manufacturing,,500 ,,
Subsector 316 – Leather and Allied Product Manufacturing,,,,,
316110,Leather and Hide Tanning and Finishing,,500 ,,
316210,Footwear Manufacturing,,"1,000 ",,
316990,Other Leather and Allied Product Manufacturing,,500,,
Subsector 321 – Wood Product Manufacturing,,,,,
321113,Sawmills,,500 ,,
321114,Wood Preservation  ,,500 ,,
321211,Hardwood Veneer and Plywood Manufacturing  ,,500 ,,
321212,Softwood Veneer and Plywood Manufacturing  ,,"1,250 ",,
321215,Engineered Wood Member Manufacturing,,500,,
321219,Reconstituted Wood Product Manufacturing  ,,750 ,,
321911,Wood Window and Door Manufacturing  ,,"1,000 ",,
321912,"Cut Stock, Resawing Lumber, and Planing  ",,500 ,,
321918,Other Millwork (including Flooring)  ,,500 ,,
321920,Wood Container and Pallet Manufacturing,,500 ,,
321991,Manufactured Home (Mobile Home) Manufacturing,,"1,250 ",,
321992,Prefabricated Wood Building Manufacturing,,500 ,,
321999,All Other Miscellaneous Wood Product Manufacturing,,500 ,,
Subsector 322 – Paper Manufacturing,,,,,
322110,Pulp Mills,,750 ,,
322120,Paper Mills,,"1,250",,
322130,Paperboard Mills,,"1,250 ",,
322211,Corrugated and Solid Fiber Box Manufacturing,,"1,250 ",,
322212,Folding Paperboard Box Manufacturing,,750 ,,
322219,Other Paperboard Container Manufacturing,,"1,000 ",,
322220,Paper Bag and Coated and Treated Paper Manufacturing,,750 ,,
322230,Stationery Product Manufacturing,,750 ,,
322291,Sanitary Paper Product Manufacturing,,"1,500 ",,
322299,All Other Converted Paper Product Manufacturing  ,,500 ,,
Subsector 323 – Printing and Related Support Activities,,,,,
323111,Commercial Printing (except Screen and Books),,500 ,,
323113,Commercial Screen Printing,,500 ,,
323117,Books Printing,,"1,250 ",,
323120,Support Activities for Printing,,500 ,,
Subsector 324 – Petroleum and Coal Products Manufacturing,,,,,
324110,Petroleum Refineries4,,"1,500 ",See footnote 4,
324121,Asphalt Paving Mixture and Block Manufacturing,,500 ,,
324122,Asphalt Shingle and Coating Materials Manufacturing,,750 ,,
324191,Petroleum Lubricating Oil and Grease Manufacturing,,750 ,,
324199,All Other Petroleum and Coal Products Manufacturing,,500 ,,
Subsector 325 – Chemical Manufacturing,,,,,
325110,Petrochemical Manufacturing,,"1,000 ",,
325120,Industrial Gas Manufacturing,,"1,000 ",,
325130,Synthetic Dye and Pigment Manufacturing,,"1,000 ",,
325180,Other Basic Inorganic Chemical Manufacturing,,"1,000 ",,
325193,Ethyl Alcohol Manufacturing,,"1,000 ",,
325194,"Cyclic Crude, Intermediate, and Gum and Wood Chemical Manufacturing",,"1,250 ",,
325199,All Other Basic Organic Chemical Manufacturing  ,,"1,250 ",,
325211,Plastics Material and Resin Manufacturing,,"1,250 ",,
325212,Synthetic Rubber Manufacturing,,"1,000 ",,
325220,Artificial and Synthetic Fibers and Filaments Manufacturing,,"1,000 ",,
325311,Nitrogenous Fertilizer Manufacturing,,"1,000 ",,
325312,Phosphatic Fertilizer Manufacturing,,750 ,,
325314,Fertilizer (Mixing Only) Manufacturing,,500 ,,
325315,Compost Manufacturing,,500,,
325320,Pesticide and Other Agricultural Chemical Manufacturing,,"1,000 ",,
325411,Medicinal and Botanical Manufacturing,,"1,000 ",,
325412,Pharmaceutical Preparation Manufacturing,,"1,250 ",,
325413,In?Vitro Diagnostic Substance Manufacturing,,"1,250 ",,
325414,Biological Product (except Diagnostic) Manufacturing,,"1,250 ",,
325510,Paint and Coating Manufacturing,,"1,000 ",,
325520,Adhesive Manufacturing,,500 ,,
325611,Soap and Other Detergent Manufacturing,,"1,000 ",,
325612,Polish and Other Sanitation Good Manufacturing  ,,750 ,,
325613,Surface Active Agent Manufacturing,,750 ,,
325620,Toilet Preparation Manufacturing,,"1,250 ",,
325910,Printing Ink Manufacturing,,500 ,,
325920,Explosives Manufacturing,,750 ,,
325991,Custom Compounding of Purchased Resins,,500 ,,
325992,"Photographic Film, Paper, Plate, Chemical, and Copy Toner Manufacturing",,"1,500 ",,
325998,All Other Miscellaneous Chemical Product and Preparation Manufacturing,,500 ,,
Subsector 326 – Plastics and Rubber Products Manufacturing,,,,,
326111,Plastic Bag and Pouch Manufacturing,,750 ,,
326112,Plastics Packaging Film and Sheet (including Laminated) Manufacturing,,"1,000 ",,
326113,Unlaminated Plastics Film and Sheet (except Packaging) Manufacturing,,750 ,,
326121,Unlaminated Plastics Profile Shape Manufacturing,,500 ,,
326122,Plastics Pipe and Pipe Fitting Manufacturing,,750 ,,
326130,"Laminated Plastics Plate, Sheet (except Packaging), and Shape Manufacturing",,500 ,,
326140,Polystyrene Foam Product Manufacturing,,"1,000 ",,
326150,Urethane and Other Foam Product (except Polystyrene) Manufacturing,,750 ,,
326160,Plastics Bottle Manufacturing,,"1,250 ",,
326191,Plastics Plumbing Fixture Manufacturing,,750 ,,
326199,All Other Plastics Product Manufacturing,,750 ,,
326211,Tire Manufacturing (except Retreading)5,,"1,500 ",See footnote 5,
326212,Tire Retreading,,500 ,,
326220,Rubber and Plastics Hoses and Belting Manufacturing,,750 ,,
326291,Rubber Product Manufacturing for Mechanical Use,,750 ,,
326299,All Other Rubber Product Manufacturing,,500 ,,
Subsector 327 – Nonmetallic Mineral Product Manufacturing,,,,,
327110,"Pottery, Ceramics, and Plumbing Fixture Manufacturing",,"1,000 ",,
327120,Clay Building Material and Refractories Manufacturing,,750 ,,
327211,Flat Glass Manufacturing,,"1,000 ",,
327212,Other Pressed and Blown Glass and Glassware Manufacturing,,"1,250 ",,
327213,Glass Container Manufacturing,,"1,250 ",,
327215,Glass Product Manufacturing Made of Purchased Glass,,"1,000 ",,
327310,Cement Manufacturing,,"1,000 ",,
327320,Ready?Mix Concrete Manufacturing,,500 ,,
327331,Concrete Block and Brick Manufacturing,,500 ,,
327332,Concrete Pipe Manufacturing,,750 ,,
327390,Other Concrete Product Manufacturing,,500 ,,
327410,Lime Manufacturing,,750 ,,
327420,Gypsum Product Manufacturing,,"1,500 ",,
327910,Abrasive Product Manufacturing,,750 ,,
327991,Cut Stone and Stone Product Manufacturing,,500 ,,
327992,Ground or Treated Mineral and Earth Manufacturing,,500 ,,
327993,Mineral Wool Manufacturing,,"1,500 ",,
327999,All Other Miscellaneous Nonmetallic Mineral Product Manufacturing,,500 ,,
Subsector 331 – Primary Metal Manufacturing,,,,,
331110,Iron and Steel Mills and Ferroalloy Manufacturing,,"1,500 ",,
331210,Iron and Steel Pipe and Tube Manufacturing from Purchased Steel,,"1,000 ",,
331221,Rolled Steel Shape Manufacturing,,"1,000 ",,
331222,Steel Wire Drawing,,"1,000 ",,
331313,Alumina Refining and Primary Aluminum Production,,"1,000 ",,
331314,Secondary Smelting and Alloying of Aluminum,,750 ,,
331315,"Aluminum Sheet, Plate and Foil Manufacturing",,"1,250 ",,
331318,"Other Aluminum Rolling, Drawing, and Extruding",,750 ,,
331410,Nonferrous Metal (except Aluminum) Smelting and Refining,,"1,000 ",,
331420,"Copper Rolling, Drawing, Extruding, and Alloying",,"1,000 ",,
331491,"Nonferrous Metal (except Copper and Aluminum) Rolling, Drawing and Extruding",,750 ,,
331492,"Secondary Smelting, Refining, and Alloying of Nonferrous Metal (except Copper and Aluminum)  ",,750 ,,
331511,Iron Foundries,,"1,000 ",,
331512,Steel Investment Foundries,,"1,000 ",,
331513,Steel Foundries (except Investment),,500 ,,
331523,Nonferrous Metal Die-Casting Foundries,,500 ,,
331524,Aluminum Foundries (except Die?Casting),,500 ,,
331529,Other Nonferrous Metal Foundries (except Die-Casting),,500 ,,
Subsector 332 – Fabricated Metal Product Manufacturing,,,,,
332111,Iron and Steel Forging,,750 ,,
332112,Nonferrous Forging,,750 ,,
332114,Custom Roll Forming,,500 ,,
332117,Powder Metallurgy Part Manufacturing,,500 ,,
332119,"Metal Crown, Closure, and Other Metal Stamping (except Automotive)",,500 ,,
332215,"Metal Kitchen Cookware, Utensil, Cutlery, and Flatware (except Precious) Manufacturing",,750 ,,
332216,Saw Blade and Handtool Manufacturing,,750 ,,
332311,Prefabricated Metal Building and Component Manufacturing,,750 ,,
332312,Fabricated Structural Metal Manufacturing,,500 ,,
332313,Plate Work Manufacturing,,750 ,,
332321,Metal Window and Door Manufacturing,,750 ,,
332322,Sheet Metal Work Manufacturing,,500 ,,
332323,Ornamental and Architectural Metal Work Manufacturing,,500 ,,
332410,Power Boiler and Heat Exchanger Manufacturing  ,,750 ,,
332420,Metal Tank (Heavy Gauge) Manufacturing,,750 ,,
332431,Metal Can Manufacturing,,"1,500 ",,
332439,Other Metal Container Manufacturing,,500 ,,
332510,Hardware Manufacturing,,750 ,,
332613,Spring Manufacturing,,500 ,,
332618,Other Fabricated Wire Product Manufacturing,,500 ,,
332710,Machine Shops,,500 ,,
332721,Precision Turned Product Manufacturing,,500 ,,
332722,"Bolt, Nut, Screw, Rivet and Washer Manufacturing",,500 ,,
332811,Metal Heat Treating,,750 ,,
332812,"Metal Coating, Engraving (except Jewelry and Silverware), and Allied Services to Manufacturers",,500 ,,
332813,"Electroplating, Plating, Polishing, Anodizing and Coloring",,500 ,,
332911,Industrial Valve Manufacturing,,750 ,,
332912,Fluid Power Valve and Hose Fitting Manufacturing,,"1,000 ",,
332913,Plumbing Fixture Fitting and Trim Manufacturing,,"1,000 ",,
332919,Other Metal Valve and Pipe Fitting Manufacturing,,750 ,,
332991,Ball and Roller Bearing Manufacturing,,"1,250 ",,
332992,Small Arms Ammunition Manufacturing,,"1,250 ",,
332993,Ammunition (except Small Arms) Manufacturing,,"1,500 ",,
332994,"Small Arms, Ordnance, and Ordnance Accessories Manufacturing",,"1,000 ",,
332996,Fabricated Pipe and Pipe Fitting Manufacturing,,500 ,,
332999,All Other Miscellaneous Fabricated Metal Product Manufacturing,,750 ,,
Subsector 333 – Machinery Manufacturing6,,,,See footnote 6,
333111,Farm Machinery and Equipment Manufacturing  ,,"1,250 ",,
333112,Lawn and Garden Tractor and Home Lawn and Garden Equipment Manufacturing,,"1,500 ",,
333120,Construction Machinery Manufacturing,,"1,250 ",,
333131,Mining Machinery and Equipment Manufacturing,,500 ,,
333132,Oil and Gas Field Machinery and Equipment Manufacturing,,"1,250 ",,
333241,Food Product Machinery Manufacturing,,500 ,,
333242,Semiconductor Machinery Manufacturing,,"1,500 ",,
333243,"Sawmill, Woodworking, and Paper Machinery Manufacturing",,500 ,,
333248,All Other Industrial Machinery Manufacturing,,750,,
333310,Commercial and Service Industry Machinery Manufacturing,,"1,000",,
333413,Industrial and Commercial Fan and Blower and Air Purification Equipment Manufacturing,,500 ,,
333414,Heating Equipment (except Warm Air Furnaces) Manufacturing,,500 ,,
333415,Air?Conditioning and Warm Air Heating Equipment and Commercial and Industrial Refrigeration Equipment Manufacturing,,"1,250 ",,
333511,Industrial Mold Manufacturing,,500 ,,
333514,"Special Die and Tool, Die Set, Jig and Fixture Manufacturing",,500 ,,
333515,Cutting Tool and Machine Tool Accessory Manufacturing,,500 ,,
333517,Machine Tool Manufacturing,,500 ,,
333519,Rolling Mill and Other Metalworking Machinery Manufacturing,,500 ,,
333611,Turbine and Turbine Generator Set Unit Manufacturing,,"1,500 ",,
333612,"Speed Changer, Industrial High?Speed Drive and Gear Manufacturing",,750 ,,
333613,Mechanical Power Transmission Equipment Manufacturing,,750 ,,
333618,Other Engine Equipment Manufacturing,,"1,500 ",,
333912,Air and Gas Compressor Manufacturing,,"1,000 ",,
333914,"Measuring, Dispensing, and Other Pumping Equipment Manufacturing",,750,,
333921,Elevator and Moving Stairway Manufacturing,,"1,000 ",,
333922,Conveyor and Conveying Equipment Manufacturing  ,,500 ,,
333923,"Overhead Traveling Crane, Hoist and Monorail System Manufacturing",,"1,250 ",,
333924,"Industrial Truck, Tractor, Trailer and Stacker Machinery Manufacturing",,750 ,,
333991,Power?Driven Hand Tool Manufacturing,,500 ,,
333992,Welding and Soldering Equipment Manufacturing,,"1,250 ",,
333993,Packaging Machinery Manufacturing,,500 ,,
333994,Industrial Process Furnace and Oven Manufacturing,,500 ,,
333995,Fluid Power Cylinder and Actuator Manufacturing,,750 ,,
333996,Fluid Power Pump and Motor Manufacturing,,"1,250 ",,
333998,All Other Miscellaneous General Purpose Machinery Manufacturing,,500,,
Subsector 334 – Computer and Electronic Product Manufacturing6,,,,See footnote 6,
334111,Electronic Computer Manufacturing,,"1,250 ",,
334112,Computer Storage Device Manufacturing,,"1,250 ",,
334118,Computer Terminal and Other Computer Peripheral Equipment Manufacturing,,"1,000 ",,
334210,Telephone Apparatus Manufacturing,,"1,250 ",,
334220,Radio and Television Broadcasting and Wireless Communications Equipment Manufacturing,,"1,250 ",,
334290,Other Communications Equipment Manufacturing,,750 ,,
334310,Audio and Video Equipment Manufacturing,,750 ,,
334412,Bare Printed Circuit Board Manufacturing,,750 ,,
334413,Semiconductor and Related Device Manufacturing,,"1,250 ",,
334416,"Capacitor, Resistor, Coil, Transformer, and Other Inductor Manufacturing",,500 ,,
334417,Electronic Connector Manufacturing,,"1,000 ",,
334418,Printed Circuit Assembly (Electronic Assembly) Manufacturing,,750 ,,
334419,Other Electronic Component Manufacturing,,750 ,,
334510,Electromedical and Electrotherapeutic Apparatus Manufacturing,,"1,250 ",,
334511,"Search, Detection, Navigation, Guidance, Aeronautical, and Nautical System and Instrument Manufacturing",,"1,250 ",,
334512,"Automatic Environmental Control Manufacturing for Residential, Commercial and Appliance Use",,500 ,,
334513,"Instruments and Related Products Manufacturing for Measuring, Displaying, and Controlling Industrial Process Variables",,750 ,,
334514,Totalizing Fluid Meter and Counting Device Manufacturing,,750 ,,
334515,Instrument Manufacturing for Measuring and Testing Electricity and Electrical Signals,,750 ,,
334516,Analytical Laboratory Instrument Manufacturing,,"1,000 ",,
334517,Irradiation Apparatus Manufacturing,,"1,000 ",,
334519,Other Measuring and Controlling Device Manufacturing,,500 ,,
334610,Manufacturing and Reproducing Magnetic and Optical Media,,"1,250",,
"Subsector 335 – Electrical Equipment, Appliance and Component Manufacturing6",,,,See footnote 6,
335131,Residential Electric Lighting Fixture Manufacturing,,750,,
335132,"Commercial, Industrial, and Institutional Electric Lighting Fixture Manufacturing",,500,,
335139,Electric Lamp Bulb and Other Lighting Equipment Manufacturing,,"1,250",,
335210,Small Electrical Appliance Manufacturing,,"1,500 ",,
335220,Major Household Appliance Manufacturing,,"1,500",,
335311,"Power, Distribution and Specialty Transformer Manufacturing",,750 ,,
335312,Motor and Generator Manufacturing,,"1,250 ",,
335313,Switchgear and Switchboard Apparatus Manufacturing,,"1,250 ",,
335314,Relay and Industrial Control Manufacturing,,750 ,,
335910,Battery Manufacturing,,"1,250",,
335921,Fiber Optic Cable Manufacturing,,"1,000 ",,
335929,Other Communication and Energy Wire Manufacturing,,"1,000 ",,
335931,Current?Carrying Wiring Device Manufacturing,,500 ,,
335932,Noncurrent?Carrying Wiring Device Manufacturing,,"1,000 ",,
335991,Carbon and Graphite Product Manufacturing,,750 ,,
335999,All Other Miscellaneous Electrical Equipment and Component Manufacturing,,500 ,,
Subsector 336 – Transportation Equipment Manufacturing6,,,,See footnote 6,
336110,Automobile and Light Duty Motor Vehicle Manufacturing,,"1,500",,
336120,Heavy Duty Truck Manufacturing,,"1,500 ",,
336211,Motor Vehicle Body Manufacturing,,"1,000 ",,
336212,Truck Trailer Manufacturing,,"1,000 ",,
336213,Motor Home Manufacturing,,"1,250 ",,
336214,Travel Trailer and Camper Manufacturing,,"1,000 ",,
336310,Motor Vehicle Gasoline Engine and Engine Parts Manufacturing,,"1,000 ",,
336320,Motor Vehicle Electrical and Electronic Equipment Manufacturing,,"1,000 ",,
336330,Motor Vehicle Steering and Suspension Components (except Spring) Manufacturing,,"1,000 ",,
336340,Motor Vehicle Brake System Manufacturing,,"1,250 ",,
336350,Motor Vehicle Transmission and Power Train Parts Manufacturing,,"1,500 ",,
336360,Motor Vehicle Seating and Interior Trim Manufacturing,,"1,500 ",,
336370,Motor Vehicle Metal Stamping  ,,"1,000 ",,
336390,Other Motor Vehicle Parts Manufacturing,,"1,000 ",,
336411,Aircraft Manufacturing,,"1,500 ",,
336412,Aircraft Engine and Engine Parts Manufacturing,,"1,500 ",,
336413,Other Aircraft Part and Auxiliary Equipment Manufacturing7   ,,"1,250 ",See footnote 7,
336414,Guided Missile and Space Vehicle Manufacturing,,"1,250 ",,
336415,Guided Missile and Space Vehicle Propulsion Unit and Propulsion Unit Parts Manufacturing,,"1,250 ",,
336419,Other Guided Missile and Space Vehicle Parts and Auxiliary Equipment Manufacturing,,"1,000 ",,
336510,Railroad Rolling Stock Manufacturing  ,,"1,500 ",,
336611,Ship Building and Repairing,,"1,250 ",,
336612,Boat Building,,"1,000 ",,
336991,"Motorcycle, Bicycle and Parts Manufacturing",,"1,000 ",,
336992,"Military Armored Vehicle, Tank and Tank Component Manufacturing",,"1,500 ",,
336999,All Other Transportation Equipment Manufacturing  ,,"1,000 ",,
Subsector 337 – Furniture and Related Product Manufacturing,,,,,
337110,Wood Kitchen Cabinet and Counter Top Manufacturing,,750 ,,
337121,Upholstered Household Furniture Manufacturing,,"1,000 ",,
337122,Nonupholstered Wood Household Furniture Manufacturing,,750 ,,
337126,Household Furniture (except Wood and Upholstered) Manufacturing,,750,,
337127,Institutional Furniture Manufacturing,,500 ,,
337211,Wood Office Furniture Manufacturing,,"1,000 ",,
337212,Custom Architectural Woodwork and Millwork Manufacturing,,500 ,,
337214,Office Furniture (Except Wood) Manufacturing,,"1,000 ",,
337215,"Showcase, Partition, Shelving, and Locker Manufacturing",,500 ,,
337910,Mattress Manufacturing,,"1,000 ",,
337920,Blind and Shade Manufacturing,,"1,000 ",,
Subsector 339 – Miscellaneous Manufacturing,,,,,
339112,Surgical and Medical Instrument Manufacturing,,"1,000 ",,
339113,Surgical Appliance and Supplies Manufacturing,,750 ,,
339114,Dental Equipment and Supplies Manufacturing,,750 ,,
339115,Ophthalmic Goods Manufacturing,,"1,000 ",,
339116,Dental Laboratories,,500 ,,
339910,Jewelry and Silverware Manufacturing,,500 ,,
339920,Sporting and Athletic Goods Manufacturing,,750 ,,
339930,"Doll, Toy, and Game Manufacturing",,500 ,,
339940,Office Supplies (except Paper) Manufacturing,,750 ,,
339950,Sign Manufacturing,,500 ,,
339991,"Gasket, Packing, and Sealing Device Manufacturing  ",,500 ,,
339992,Musical Instrument Manufacturing,,"1,000 ",,
339993,"Fastener, Button, Needle and Pin Manufacturing",,750 ,,
339994,"Broom, Brush and Mop Manufacturing",,500 ,,
339995,Burial Casket Manufacturing,,"1,000 ",,
339999,All Other Miscellaneous Manufacturing,,500 ,,
,Sector 42 – Wholesale Trade,,,,
,(These NAICS codes shall not be used to classify Government acquisitions for supplies.  They also shall not be used by Federal government contractors when subcontracting for the acquisition for supplies.  The applicable manufacturing NAICS code shall be used to classify acquisitions for supplies.  A Wholesale Trade or Retail Trade business concern submitting an offer or a quote on a supply acquisition is categorized as a nonmanufacturer and deemed small if it has 500 or fewer employees and meets the requirements of 13 CFR 121.406.),,,,
"Subsector 423 –  Merchant Wholesalers, Durable Goods",,,,,
423110,Automobile and Other Motor Vehicle Merchant Wholesalers,,250,,
423120,Motor Vehicle Supplies and New Parts Merchant Wholesalers,,200,,
423130,Tire and Tube Merchant Wholesalers,,200,,
423140,Motor Vehicle Parts (Used) Merchant Wholesalers,,125,,
423210,Furniture Merchant Wholesalers,,100,,
423220,Home Furnishing Merchant Wholesalers,,100,,
423310,"Lumber, Plywood, Millwork, and Wood Panel Merchant Wholesalers",,150,,
423320,"Brick, Stone, and Related Construction Material Merchant Wholesalers",,150,,
423330,"Roofing, Siding, and Insulation Material Merchant Wholesalers",,225,,
423390,Other Construction Material Merchant Wholesalers,,100,,
423410,Photographic Equipment and Supplies Merchant Wholesalers,,200,,
423420,Office Equipment Merchant Wholesalers,,200,,
423430,Computer and Computer Peripheral Equipment and Software Merchant Wholesalers,,250,,
423440,Other Commercial Equipment Merchant Wholesalers,,100,,
423450,"Medical, Dental, and Hospital Equipment and Supplies Merchant Wholesalers",,200,,
423460,Ophthalmic Goods Merchant Wholesalers,,175,,
423490,Other Professional Equipment and Supplies Merchant Wholesalers,,150,,
423510,Metal Service Centers and Other Metal Merchant Wholesalers,,200,,
423520,Coal and Other Mineral and Ore Merchant Wholesalers,,200,,
423610,"Electrical Apparatus and Equipment, Wiring Supplies, and Related Equipment Merchant Wholesalers",,200,,
423620,"Household Appliances, Electric Housewares, and Consumer Electronics Merchant Wholesalers",,225,,
423690,Other Electronic Parts and Equipment Merchant Wholesalers,,250,,
423710,Hardware Merchant Wholesalers,,150,,
423720,Plumbing and Heating Equipment and Supplies (Hydronics) Merchant Wholesalers,,200,,
423730,Warm Air Heating and Air?Conditioning Equipment and Supplies Merchant Wholesalers,,175,,
423740,Refrigeration Equipment and Supplies Merchant Wholesalers,,125,,
423810,Construction and Mining (except Oil Well) Machinery and Equipment Merchant Wholesalers,,250,,
423820,Farm and Garden Machinery and Equipment Merchant Wholesalers,,125,,
423830,Industrial Machinery and Equipment Merchant Wholesalers,,100,,
423840,Industrial Supplies Merchant Wholesalers,,125,,
423850,Service Establishment Equipment and Supplies Merchant Wholesalers,,125,,
423860,Transportation Equipment and Supplies (except Motor Vehicle) Merchant Wholesalers,,175,,
423910,Sporting and Recreational Goods and Supplies Merchant Wholesalers,,100,,
423920,Toy and Hobby Goods and Supplies Merchant Wholesalers,,175,,
423930,Recyclable Material Merchant Wholesalers,,125,,
423940,"Jewelry, Watch, Precious Stone, and Precious Metal Merchant Wholesalers",,125,,
423990,Other Miscellaneous Durable Goods Merchant Wholesalers,,100,,
"Subsector 424 – Merchant Wholesalers, Nondurable Goods",,,,,
424110,Printing and Writing Paper Merchant Wholesalers,,225,,
424120,Stationary and Office Supplies Merchant Wholesalers,,150,,
424130,Industrial and Personal Service Paper Merchant Wholesalers,,150,,
424210,Drugs and Druggists’ Sundries Merchant Wholesalers,,250,,
424310,"Piece Goods, Notions, and Other Dry Goods Merchant Wholesalers",,100,,
424340,Footwear Merchant Wholesalers,,200,,
424350,Clothing and Clothing Accessories Merchant Wholesalers,,150,,
424410,General Line Grocery Merchant Wholesalers,,250,,
424420,Packaged Frozen Food Merchant Wholesalers,,200,,
424430,Dairy Product (except Dried or Canned) Merchant Wholesalers,,200,,
424440,Poultry and Poultry Product Merchant Wholesalers,,150,,
424450,Confectionery Merchant Wholesalers,,225,,
424460,Fish and Seafood Merchant Wholesalers,,100,,
424470,Meat and Meat Product Merchant Wholesalers,,150,,
424480,Fresh Fruit and Vegetable Merchant Wholesalers,,100,,
424490,Other Grocery and Related Products Merchant Wholesalers,,250,,
424510,Grain and Field Bean Merchant Wholesalers,,200,,
424520,Livestock Merchant Wholesalers,,125,,
424590,Other Farm Product Raw Material Merchant Wholesalers,,175,,
424610,Plastics Materials and Basic Forms and Shapes Merchant Wholesalers,,150,,
424690,Other Chemical and Allied Products Merchant Wholesalers,,175,,
424710,Petroleum Bulk Stations and Terminals,,225,,
424720,Petroleum and Petroleum Products Merchant Wholesalers (except Bulk Stations and Terminals),,200,,
424810,Beer and Ale Merchant Wholesalers,,200,,
424820,Wine and Distilled Alcoholic Beverage Merchant Wholesalers,,250,,
424910,Farm Supplies Merchant Wholesalers,,200,,
424920,"Book, Periodical, and Newspaper Merchant Wholesalers",,200,,
424930,"Flower, Nursery Stock, and Florists’ Supplies Merchant Wholesalers",,100,,
424940,Tobacco Product and Electronic Cigarette Merchant Wholesalers,,250,,
424950,"Paint, Varnish, and Supplies Merchant Wholesalers",,150,,
424990,Other Miscellaneous Nondurable Goods Merchant Wholesalers,,100,,
Subsector 425 – Wholesale Trade Agents and Brokers,,,,,
425120,Wholesale Trade Agents and Brokers,,125,,
,Sector 44 - 45 – Retail Trade,,,,
,(These NAICS codes shall not be used to classify Government acquisitions for supplies.  They also shall not be used by Federal government contractors when subcontracting for the acquisition for supplies.  The applicable manufacturing NAICS code shall be used to classify acquisitions for supplies.  A Wholesale Trade or Retail Trade business concern submitting an offer or a quote on a supply acquisition is categorized as a nonmanufacturer and deemed small if it has 500 or fewer employees and meets the requirements of 13 CFR 121.406.),,,,
Subsector 441 – Motor Vehicle and Parts Dealers,,,,,
441110,New Car Dealers,,200,,
441120,Used Car Dealers,$27.0,,,
441210,Recreational Vehicle Dealers  ,$35.0,,,
441222,Boat Dealers,$35.0,,,
441227,"Motorcycle, ATV, and All Other Motor Vehicle Dealers",$35.0,,,
441330,Automotive Parts and Accessories Retailers,$25.0,,,
441340,Tire Dealers,$22.5,,,
Subsector 444 – Building Material and Garden Equipment and Supplies Dealers,,,,,
444110,Home Centers,$41.5,,,
444120,Paint and Wallpaper Retailers,$30.0,,,
444140,Hardware Retailers,$14.5,,,
444180,Other Building Material Dealers,$22.0,,,
444230,Outdoor Power Equipment Retailers,$8.5,,,
444240,"Nursery, Garden Center, and Farm Supply Retailers",$19.0,,,
Subsector 445 – Food and Beverage Stores,,,,,
445110,Supermarkets and Other Grocery Retailers (except Convenience Retailers),$35.0,,,
445131,Convenience Retailers,$32.0,,,
445132,Vending Machine Operators,$18.5,,,
445230,Fruit and Vegetable Retailers,$8.0,,,
445240,Meat Retailers,$8.0,,,
445250,Fish and Seafood Retailers,$8.0,,,
445291,Baked Goods Retailers,$14.0,,,
445292,Confectionery and Nut Retailers,$17.0,,,
445298,All Other Specialty Food Retailers,$9.0,,,
445320,"Beer, Wine, and Liquor Retailers",$9.0,,,
"Subsector 449 - Furniture, Home Furnishings, Electronics, and Appliance Retailers",,,,,
449110,Furniture Retailers,$22.0,,,
449121,Floor Covering Retailers,$8.0,,,
449122,Window Treatment Retailers,$10.0,,,
449129,All Other Home Furnishings Retailers,$29.5,,,
449210,Electronics and Appliance Retailers,$35.0,,,
Subsector 455 – General Merchandise Retailers,,,,,
455110,Department Stores,$35.0,,,
455211,Warehouse Clubs and Supercenters,$41.5,,,
455219,All Other General Merchandise Retailers,$35.0,,,
Subsector 456 – Health and Personal Care Retailers,,,,,
456110,Pharmacies and Drug Retailers,$33.0,,,
456120,"Cosmetics, Beauty Supplies, and Perfume Retailers",$30.0,,,
456130,Optical Goods Retailers,$26.0,,,
456191,Food (Health) Supplement Retailers,$20.0,,,
456199,All Other Health and Personal Care Retailers,$8.5,,,
Subsector 457 – Gasoline Stations and Fuel Dealers,,,,,
457110,Gasoline Stations with Convenience Stores,$32.0,,,
457120,Other Gasoline Stations,$29.5,,,
457210,Fuel Dealers,,100,,
"Subsector 458 – Clothing, Clothing Accessories, Shoe, and Jewelry Retailers",,,,,
458110,Clothing and Clothing Accessories Retailers,$41.5,,,
458210,Shoe Retailers,$30.0,,,
458310,Jewelry Retailers,$18.0,,,
458320,Luggage and Leather Goods Retailers,$33.5,,,
"Subsector 459 – Sporting Goods, Hobby, Musical Instrument, Book, and Miscellaneous Retailers",,,,,
459110,Sporting Goods Retailers,$23.5,,,
459120,"Hobby, Toy, and Game Retailers",$31.0,,,
459130,"Sewing, Needlework, and Piece Goods Retailers",$30.0,,,
459140,Musical Instrument and Supplies Retailers,$20.0,,,
459210,Book Retailers and News Dealers,$31.5,,,
459310,Florists,$8.0,,,
459410,Office Supplies and Stationery Retailers,$35.0,,,
459420,"Gift, Novelty, and Souvenir Retailers",$12.0,,,
459510,Used Merchandise Retailers,$12.5,,,
459910,Pet and Pet Supplies Retailers,$28.0,,,
459920,Art Dealers,$14.5,,,
459930,Manufactured (Mobile) Home Dealers,$16.5,,,
459991,"Tobacco, Electronic Cigarette, and Other Smoking Supplies Retailers",$10.0,,,
459999,All Other Miscellaneous Retailers,$10.0,,,
,Sector 48 - 49 – Transportation and Warehousing,,,,
Subsector 481 – Air Transportation,,,,,
481111,Scheduled Passenger Air Transportation,,"1,500 ",,
481112,Scheduled Freight Air Transportation,,"1,500 ",,
481211,Nonscheduled Chartered Passenger Air Transportation,,"1,500 ",,
481212,Nonscheduled Chartered Freight Air Transportation  ,,"1,500 ",,
481219,Other Nonscheduled Air Transportation,$22.0,,,
Subsector 482 – Rail Transportation,,,,,
482111,Line?Haul Railroads,,"1,500 ",,
482112,Short Line Railroads,,"1,500 ",,
Subsector 483 – Water Transportation,,,,,
483111,Deep Sea Freight Transportation,,500 ,,
483112,Deep Sea Passenger Transportation,,"1,500 ",,
483113,Coastal and Great Lakes Freight Transportation,,750 ,,
483114,Coastal and Great Lakes Passenger Transportation,,500 ,,
483211,Inland Water Freight Transportation,,750 ,,
483212,Inland Water Passenger Transportation,,500 ,,
Subsector 484 – Truck Transportation,,,,,
484110,"General Freight Trucking, Local",$30.0,,,
484121,"General Freight Trucking, Long?Distance, Truckload  ",$30.0,,,
484122,"General Freight Trucking, Long?Distance, Less Than Truckload",$38.0,,,
484210,Used Household and Office Goods Moving,$30.0,,,
484220,"Specialized Freight (except Used Goods) Trucking, Local",$30.0,,,
484230,"Specialized Freight (except Used Goods) Trucking, Long?Distance",$30.0,,,
Subsector 485 – Transit and Ground Passenger Transportation,,,,,
485111,Mixed Mode Transit Systems,$25.5,,,
485112,Commuter Rail Systems,$41.5,,,
485113,Bus and Other Motor Vehicle Transit Systems,$28.5,,,
485119,Other Urban Transit Systems,$33.0,,,
485210,Interurban and Rural Bus Transportation,$28.0,,,
485310,Taxi and Ridesharing Services,$16.5,,,
485320,Limousine Service,$16.5,,,
485410,School and Employee Bus Transportation,$26.5,,,
485510,Charter Bus Industry,$16.5,,,
485991,Special Needs Transportation,$16.5,,,
485999,All Other Transit and Ground Passenger Transportation,$16.5,,,
Subsector 486 – Pipeline Transportation,,,,,
486110,Pipeline Transportation of Crude Oil,,"1,500 ",,
486210,Pipeline Transportation of Natural Gas,$36.5,,,
486910,Pipeline Transportation of Refined Petroleum Products,,"1,500 ",,
486990,All Other Pipeline Transportation,$40.5,,,
Subsector 487 – Scenic and Sightseeing Transportation,,,,,
487110,"Scenic and Sightseeing Transportation, Land",$18.0,,,
487210,"Scenic and Sightseeing Transportation, Water",$12.5,,,
487990,"Scenic and Sightseeing Transportation, Other",$22.0,,,
Subsector 488 – Support Activities for Transportation,,,,,
488111,Air Traffic Control,$35.0,,,
488119,Other Airport Operations,$35.0,,,
488190,Other Support Activities for Air Transportation,$35.0,,,
488210,Support Activities for Rail Transportation,$30.0,,,
488310,Port and Harbor Operations,$41.5,,,
488320,Marine Cargo Handling,$41.5,,,
488330,Navigational Services to Shipping,$41.5,,,
488390,Other Support Activities for Water Transportation,$41.5,,,
488410,Motor Vehicle Towing,$8.0,,,
488490,Other Support Activities for Road Transportation,$16.0,,,
488510,Freight Transportation Arrangement10,$17.5,,See footnote 10,
488510 (Exception),Non?Vessel Owning Common Carriers and Household Goods Forwarders,$30.0,,,
488991,Packing and Crating,$30.0,,,
488999,All Other Support Activities for Transportation,$22.0,,,
Subsector 491 – Postal Service,,,,,
491110,Postal Service,$8.0,,,
Subsector 492 – Couriers and Messengers,,,,,
492110,Couriers and Express Delivery Services,,"1,500 ",,
492210,Local Messengers and Local Delivery,$30.0,,,
Subsector 493 – Warehousing and Storage,,,,,
493110,General Warehousing and Storage,$30.0,,,
493120,Refrigerated Warehousing and Storage,$32.0,,,
493130,Farm Product Warehousing and Storage,$30.0,,,
493190,Other Warehousing and Storage,$32.0,,,
,Sector 51 – Information,,,,
Subsector 512 – Motion Picture and Sound Recording Industries,,,,,
512110,Motion Picture and Video Production,$35.0,,,
512120,Motion Picture and Video Distribution,$34.5,,,
512131,Motion Picture Theaters (except Drive?Ins),$41.5,,,
512132,Drive?In Motion Picture Theaters,$11.0,,,
512191,Teleproduction and Other Postproduction Services,$34.5,,,
512199,Other Motion Picture and Video Industries,$25.0,,,
512230,Music Publishers,,750 ,,
512240,Sound Recording Studios,$9.5,,,
512250,Record Production and Distribution,,250,,
512290,Other Sound Recording Industries,$20.0,,,
Subsector 513 – Publishing Industries,,,,,
513110,Newspaper Publishers,,"1,000",,
513120,Periodical Publishers,,"1,000",,
513130,Book Publishers,,"1,000",,
513140,Directory and Mailing List Publishers,,"1,000",,
513191,Greeting Card Publishers,,"1,000",,
513199,All Other Publishers,,"1,000",,
513210,Software Publishers15,$41.5,,,
Subsector 516 – Broadcasting and Content Providers,,,,,
516110,Radio Broadcasting Stations,$41.5,,,
516120,Television Broadcasting Stations,$41.5,,,
516210,"Media Streaming Distribution Services, Social Networks, and Other Media Networks and Content Providers",$41.5,,,
Subsector 517 – Telecommunications,,,,,
517111,Wired Telecommunications Carriers,,"1,500",,
517112,Wireless Telecommunications Carriers (except Satellite),,"1,500",,
517121,Telecommunications Resellers,,"1,500",,
517122,Agents for Wireless Telecommunications Services,,"1,500",,
517410,Satellite Telecommunications,$38.5,,,
517810,All Other Telecommunications,$35.0,,,
"Subsector 518 –Computing Infrastructure Providers, Data Processing, Web Hosting, and Related Services",,,,,
518210,"Computing Infrastructure Providers, Data Processing, Web Hosting, and Related Services",$35.0,,,
"Subsector 519 – Web Search Portals, Libraries, Archives, and Other Information Services",,,,,
519210,Libraries and Archives,$18.5,,,
519290,Web Search Portals and All Other Information Services,,"1,000",,
,Sector 52 – Finance and Insurance,,,,
Subsector 522 – Credit Intermediation and Related Activities,,,,,
522110,Commercial Banking8,$750 million in assets  ,,See footnote 8,
522130,Credit Unions8,$750 million in assets  ,,See footnote 8,
522180,Savings Institutions and Other Depository Credit Intermediation8,$750 million in assets  ,,See footnote 8,
522210,Credit Card Issuing8,$750 million in assets  ,,See footnote 8,
522220,Sales Financing,$41.5,,,
522291,Consumer Lending,$41.5,,,
522292,Real Estate Credit,$41.5,,,
522299,"International, Secondary Market, and All Other Nondepository Credit Intermediation",$41.5,,,
522310,Mortgage and Nonmortgage Loan Brokers,$13.0,,,
522320,"Financial Transactions Processing, Reserve, and Clearinghouse Activities",$41.5,,,
522390,Other Activities Related to Credit Intermediation,$25.0,,,
"Subsector 523 – Securities, Commodity Contracts, and Other Financial Investments and Related Activities",,,,,
523150,Investment Banking and Securities Intermediation,$41.5,,,
523160,Commodity Contracts Intermediation,$41.5,,,
523210,Securities and Commodity Exchanges,$41.5,,,
523910,Miscellaneous Intermediation,$41.5,,,
523940,Portfolio Management and Investment Advice,$41.5,,,
523991,"Trust, Fiduciary and Custody Activities",$41.5,,,
523999,Miscellaneous Financial Investment Activities,$41.5,,,
Subsector 524 – Insurance Carriers and Related Activities,,,,,
524113,Direct Life Insurance Carriers,$41.5,,,
524114,Direct Health and Medical Insurance Carriers,$41.5,,,
524126,Direct Property and Casualty Insurance Carriers,,"1,500 ",,
524127,Direct Title Insurance Carriers,$41.5,,,
524128,"Other Direct Insurance (except Life, Health and Medical) Carriers",$41.5,,,
524130,Reinsurance Carriers,$41.5,,,
524210,Insurance Agencies and Brokerages,$13.0,,,
524291,Claims Adjusting,$22.0,,,
524292,Pharmacy Benefit Management and Other Third-Party Administration of Insurance and Pension Funds,$40.0,,,
524298,All Other Insurance Related Activities,$27.0,,,
"Subsector 525 – Funds, Trusts and Other Financial Vehicles",,,,,
525110,Pension Funds,$35.0,,,
525120,Health and Welfare Funds,$35.0,,,
525190,Other Insurance Funds,$35.0,,,
525910,Open?End Investment Funds,$35.0,,,
525920,"Trusts, Estates, and Agency Accounts",$35.0,,,
525990,Other Financial Vehicles,$35.0,,,
,Sector 53 – Real Estate and Rental and Leasing,,,,
Subsector 531 – Real Estate,,,,,
531110,Lessors of Residential Buildings and Dwellings9,$30.0,,See footnote 9,
531110 (Exception),Leasing of Building Space to the Federal Government by Owners,$41.5,,,
531120,Lessors of Nonresidential Buildings (except Miniwarehouses)9,$30.0,,See footnote 9,
531120 (Exception),Leasing of Building Space to the Federal Government by Owners,$41.5,,,
531130,Lessors of Miniwarehouses and Self Storage Units9,$30.0,,See footnote 9,
531130 (Exception),Leasing of Building Space to the Federal Government by Owners,$41.5,,,
531190,Lessors of Other Real Estate Property9,$30.0,,See footnote 9,
531190 (Exception),Leasing of Building Space to the Federal Government by Owners,$41.5,,,
531210,Offices of Real Estate Agents and Brokers10,$13.0,,See footnote 10,
531311,Residential Property Managers,$11.0,,,
531312,Nonresidential Property Managers,$17.0,,,
531320,Offices of Real Estate Appraisers,$8.5,,,
531390,Other Activities Related to Real Estate,$17.0,,,
Subsector 532 – Rental and Leasing Services,,,,,
532111,Passenger Car Rental,$41.5,,,
532112,Passenger Car Leasing,$41.5,,,
532120,"Truck, Utility Trailer, and RV (Recreational Vehicle) Rental and Leasing",$41.5,,,
532210,Consumer Electronics and Appliances Rental,$41.5,,,
532281,Formal Wear and Costume Rental,$22.0,,,
532282,Video Tape and Disc Rental,$31.0,,,
532283,Home Health Equipment Rental,$36.0,,,
532284,Recreational Goods Rental,$8.0,,,
532289,All Other Consumer Goods Rental,$11.0,,,
532310,General Rental Centers,$8.0,,,
532411,"Commercial Air, Rail, and Water Transportation Equipment Rental and Leasing",$40.0,,,
532412,"Construction, Mining and Forestry Machinery and Equipment Rental and Leasing",$35.0,,,
532420,Office Machinery and Equipment Rental and Leasing,$35.0,,,
532490,Other Commercial and Industrial Machinery and Equipment Rental and Leasing,$35.0,,,
Subsector 533 – Lessors of Nonfinancial Intangible Assets (except Copyrighted Works),,,,,
533110,Lessors of Nonfinancial Intangible Assets (except Copyrighted Works),$41.5,,,
,"Sector 54 – Professional, Scientific and Technical Services",,,,
"Subsector 541 – Professional, Scientific and Technical Services",,,,,
541110,Offices of Lawyers,$13.5,,,
541191,Title Abstract and Settlement Offices,$17.0,,,
541199,All Other Legal Services,$18.0,,,
541211,Offices of Certified Public Accountants,$23.5,,,
541213,Tax Preparation Services,$22.0,,,
541214,Payroll Services,$34.5,,,
541219,Other Accounting Services,$22.0,,,
541310,Architectural Services,$11.0,,,
541320,Landscape Architectural Services,$8.0,,,
541330,Engineering Services,$22.5,,,
541330 (Exception 1),Military and Aerospace Equipment and Military Weapons,$41.5,,,
541330 (Exception 2),Contracts and Subcontracts for Engineering Services Awarded Under the National Energy Policy Act of 1992,$41.5,,,
541330 (Exception 3),Marine Engineering and Naval Architecture,$41.5,,,
541340,Drafting Services,$8.0,,,
541350,Building Inspection Services,$10.0,,,
541360,Geophysical Surveying and Mapping Services,$25.0,,,
541370,Surveying and Mapping (except Geophysical) Services,$16.5,,,
541380,Testing Laboratories and Services,$16.5,,,
541410,Interior Design Services,$8.0,,,
541420,Industrial Design Services,$15.0,,,
541430,Graphic Design Services,$8.0,,,
541490,Other Specialized Design Services,$12.0,,,
541511,Custom Computer Programming Services,$30.0,,,
541512,Computer Systems Design Services,$30.0,,,
541513,Computer Facilities Management Services,$32.5,,,
541519,Other Computer Related Services,$30.0,,,
541519 (Exception),Information Technology Value Added Resellers18,,150 ,See footnote 18,
541611,Administrative Management and General Management Consulting Services,$21.5,,,
541612,Human Resources Consulting Services,$25.5,,,
541613,Marketing Consulting Services,$16.5,,,
541614,"Process, Physical Distribution and Logistics Consulting Services",$17.5,,,
541618,Other Management Consulting Services,$16.5,,,
541620,Environmental Consulting Services,$16.5,,,
541690,Other Scientific and Technical Consulting Services  ,$16.5,,,
541713,Research and Development in Nanotechnology11,,"1,000",See footnote 11,
541714,Research and Development in Biotechnology (except Nanobiotechnology)11,,"1,000",See footnote 11,
541715,"Research and Development in the Physical, Engineering, and Life Sciences (except Nanotechnology and Biotechnology) 11",,"1,000",See footnote 11,
541715 (Exception 1),"Aircraft, Aircraft Engine and Engine Parts11",,"1,500",See footnote 11,
541715 (Exception 2),Other Aircraft Parts and Auxiliary Equipment11,,"1,250",See footnote 11,
541715 (Exception 3),"Guided Missiles and Space Vehicles, Their Propulsion Units and Propulsion Parts11",,"1,250",See footnote 11,
541720,Research and Development in the Social Sciences and Humanities,$24.5,,,
541810,Advertising Agencies10,$22.5,,See footnote 10,
541820,Public Relations Agencies,$16.5,,,
541830,Media Buying Agencies,$28.5,,,
541840,Media Representatives,$18.5,,,
541850,Indoor and Outdoor Display Advertising,$30.5,,,
541860,Direct Mail Advertising,$19.5,,,
541870,Advertising Material Distribution Services,$25.0,,,
541890,Other Services Related to Advertising,$16.5,,,
541910,Marketing Research and Public Opinion Polling,$20.0,,,
541921,"Photography Studios, Portrait",$14.0,,,
541922,Commercial Photography,$8.0,,,
541930,Translation and Interpretation Services,$20.0,,,
541940,Veterinary Services,$9.0,,,
541990,"All Other Professional, Scientific and Technical Services",$17.0,,,
,Sector 55 – Management of Companies and Enterprises,,,,
Subsector 551 – Management of Companies and Enterprises,,,,,
551111,Offices of Bank Holding Companies,$34.0,,,
551112,Offices of Other Holding Companies,$40.0,,,
,Sector 56 – Administrative and Support and Waste Management and Remediation Services,,,,
Subsector 561 – Administrative and Support Services,,,,,
561110,Office Administrative Services,$11.0,,,
561210,Facilities Support Services12,$41.5,,See footnote 12,
561311,Employment Placement Agencies,$30.0,,,
561312,Executive Search Services,$30.0,,,
561320,Temporary Help Services,$30.0,,,
561330,Professional Employer Organizations,$36.5,,,
561410,Document Preparation Services,$16.5,,,
561421,Telephone Answering Services,$16.5,,,
561422,Telemarketing Bureaus and Other contact Centers,$22.5,,,
561431,Private Mail Centers,$16.5,,,
561439,Other Business Service Centers (including Copy Shops),$23.5,,,
561440,Collection Agencies,$17.0,,,
561450,Credit Bureaus,$36.0,,,
561491,Repossession Services,$16.5,,,
561492,Court Reporting and Stenotype Services,$16.5,,,
561499,All Other Business Support Services,$19.0,,,
561510,Travel Agencies10,$22.0,,See footnote 10,
561520,Tour Operators10,$22.0,,See footnote 10,
561591,Convention and Visitors Bureaus,$22.0,,,
561599,All Other Travel Arrangement and Reservation Services,$28.5,,,
561611,Investigation and Personal Background Check Services,$22.0,,,
561612,Security Guards and Patrol Services,$25.5,,,
561613,Armored Car Services,$38.0,,,
561621,Security Systems Services (except Locksmiths),$22.0,,,
561622,Locksmiths,$22.0,,,
561710,Exterminating and Pest Control Services,$15.5,,,
561720,Janitorial Services,$19.5,,,
561730,Landscaping Services,$8.5,,,
561740,Carpet and Upholstery Cleaning Services,$7.5,,,
561790,Other Services to Buildings and Dwellings  ,$8.0,,,
561910,Packaging and Labeling Services,$17.0,,,
561920,Convention and Trade Show Organizers10,$17.5,,See footnote 10,
561990,All Other Support Services,$14.5,,,
Subsector 562 – Waste Management and Remediation Services,,,,,
562111,Solid Waste Collection,$41.5,,,
562112,Hazardous Waste Collection,$41.5,,,
562119,Other Waste Collection,$41.5,,,
562211,Hazardous Waste Treatment and Disposal,$41.5,,,
562212,Solid Waste Landfill,$41.5,,,
562213,Solid Waste Combustors and Incinerators,$41.5,,,
562219,Other Nonhazardous Waste Treatment and Disposal  ,$41.5,,,
562910,Remediation Services,$22.0,,,
562910 (Exception),Environmental Remediation Services14,,750 ,See footnote 14,
562920,Materials Recovery Facilities,$22.0,,,
562991,Septic Tank and Related Services,$8.0,,,
562998,All Other Miscellaneous Waste Management Services,$14.5,,,
,Sector 61 – Educational Services,,,,
Subsector 611 – Educational Services,,,,,
611110,Elementary and Secondary Schools,$17.5,,,
611210,Junior Colleges,$28.5,,,
611310,"Colleges, Universities and Professional Schools",$30.5,,,
611410,Business and Secretarial Schools,$18.0,,,
611420,Computer Training,$14.0,,,
611430,Professional and Management Development Training,$13.0,,,
611511,Cosmetology and Barber Schools,$11.5,,,
611512,Flight Training,$30.0,,,
611513,Apprenticeship Training,$10.0,,,
611519,Other Technical and Trade Schools,$18.5,,,
611519 (Exception),Job Corps Centers16,$41.5,,See footnote 16,
611610,Fine Arts Schools,$8.0,,,
611620,Sports and Recreation Instruction,$8.0,,,
611630,Language Schools,$18.0,,,
611691,Exam Preparation and Tutoring,$11.0,,,
611692,Automobile Driving Schools,$9.0,,,
611699,All Other Miscellaneous Schools and Instruction,$14.5,,,
611710,Educational Support Services,$21.0,,,
,Sector 62 – Health Care and Social Assistance,,,,
Subsector 621 – Ambulatory Health Care Services,,,,,
621111,Offices of Physicians (except Mental Health Specialists),$14.0,,,
621112,"Offices of Physicians, Mental Health Specialists",$12.0,,,
621210,Offices of Dentists,$8.0,,,
621310,Offices of Chiropractors,$8.0,,,
621320,Offices of Optometrists,$8.0,,,
621330,Offices of Mental Health Practitioners (except Physicians),$8.0,,,
621340,"Offices of Physical, Occupational and Speech Therapists and Audiologists",$11.0,,,
621391,Offices of Podiatrists,$8.0,,,
621399,Offices of All Other Miscellaneous Health Practitioners,$9.0,,,
621410,Family Planning Centers,$16.5,,,
621420,Outpatient Mental Health and Substance Abuse Centers,$16.5,,,
621491,HMO Medical Centers,$39.0,,,
621492,Kidney Dialysis Centers,$41.5,,,
621493,Freestanding Ambulatory Surgical and Emergency Centers,$16.5,,,
621498,All Other Outpatient Care Centers,$22.5,,,
621511,Medical Laboratories,$36.5,,,
621512,Diagnostic Imaging Centers,$16.5,,,
621610,Home Health Care Services,$16.5,,,
621910,Ambulance Services,$20.0,,,
621991,Blood and Organ Banks,$35.0,,,
621999,All Other Miscellaneous Ambulatory Health Care Services,$18.0,,,
Subsector 622 – Hospitals,,,,,
622110,General Medical and Surgical Hospitals,$41.5,,,
622210,Psychiatric and Substance Abuse Hospitals,$41.5,,,
622310,Specialty (except Psychiatric and Substance Abuse) Hospitals,$41.5,,,
Subsector 623 – Nursing and Residential Care Facilities,,,,,
623110,Nursing Care Facilities (Skilled Nursing Facilities),$30.0,,,
623210,Residential Intellectual and Developmental Disability Facilities,$16.5,,,
623220,Residential Mental Health and Substance Abuse Facilities,$16.5,,,
623311,Continuing Care Retirement Communities,$30.0,,,
623312,Assisted Living Facilities for the Elderly,$20.5,,,
623990,Other Residential Care Facilities,$14.0,,,
Subsector 624 – Social Assistance,,,,,
624110,Child and Youth Services,$13.5,,,
624120,Services for the Elderly and Persons with Disabilities,$13.0,,,
624190,Other Individual and Family Services,$14.0,,,
624210,Community Food Services,$17.0,,,
624221,Temporary Shelters,$12.0,,,
624229,Other Community Housing Services,$16.5,,,
624230,Emergency and Other Relief Services,$36.5,,,
624310,Vocational Rehabilitation Services,$13.0,,,
624410,Child Care Services,$8.5,,,
,"Sector 71 – Arts, Entertainment and Recreation",,,,
"Subsector 711 – Performing Arts, Spectator Sports and Related Industries",,,,,
711110,Theater Companies and Dinner Theaters,$22.0,,,
711120,Dance Companies,$16.0,,,
711130,Musical Groups and Artists,$13.0,,,
711190,Other Performing Arts Companies,$30.0,,,
711211,Sports Teams and Clubs,$41.5,,,
711212,Race Tracks,$41.5,,,
711219,Other Spectator Sports,$14.5,,,
711310,"Promoters of Performing Arts, Sports and Similar Events with Facilities",$35.0,,,
711320,"Promoters of Performing Arts, Sports and Similar Events without Facilities",$19.5,,,
711410,"Agents and Managers for Artists, Athletes, Entertainers and Other Public Figures",$15.5,,,
711510,"Independent Artists, Writers, and Performers",$8.0,,,
"Subsector 712 – Museums, Historical Sites and Similar Institutions",,,,,
712110,Museums,$30.0,,,
712120,Historical Sites,$11.5,,,
712130,Zoos and Botanical Gardens,$30.0,,,
712190,Nature Parks and Other Similar Institutions  ,$17.0,,,
"Subsector 713 – Amusement, Gambling and Recreation Industries",,,,,
713110,Amusement and Theme Parks,$41.5,,,
713120,Amusement Arcades,$8.0,,,
713210,Casinos (except Casino Hotels),$30.0,,,
713290,Other Gambling Industries,$35.0,,,
713910,Golf Courses and Country Clubs,$16.5,,,
713920,Skiing Facilities,$31.0,,,
713930,Marinas,$9.5,,,
713940,Fitness and Recreational Sports Centers,$15.5,,,
713950,Bowling Centers,$11.0,,,
713990,All Other Amusement and Recreation Industries,$8.0,,,
,Sector 72 – Accommodation and Food Services,,,,
Subsector 721 – Accommodation,,,,,
721110,Hotels (except Casino Hotels) and Motels,$35.0,,,
721120,Casino Hotels,$35.0,,,
721191,Bed?and?Breakfast Inns,$8.0,,,
721199,All Other Traveler Accommodation,$8.0,,,
721211,RV (Recreational Vehicle) Parks and Campgrounds  ,$9.0,,,
721214,Recreational and Vacation Camps (except Campgrounds),$8.0,,,
721310,"Rooming and Boarding Houses, Dormitories, and Workers’ Camps",$12.5,,,
Subsector 722 – Food Services and Drinking Places,,,,,
722310,Food Service Contractors,$41.5,,,
722320,Caterers,$8.0,,,
722330,Mobile Food Services,$8.0,,,
722410,Drinking Places (Alcoholic Beverages),$8.0,,,
722511,Full-Service Restaurants,$10.0,,,
722513,Limited-Service Restaurants,$12.0,,,
722514,"Cafeterias, Grill Buffets, and Buffets",$30.0,,,
722515,Snack and Nonalcoholic Beverage Bars,$20.0,,,
,Sector 81 – Other Services (except Public Administration),,,,
Subsector 811 – Repair and Maintenance,,,,,
811111,General Automotive Repair,$8.0,,,
811114,Specialized Automotive Repair,$8.0,,,
811121,"Automotive Body, Paint and Interior Repair and Maintenance",$8.0,,,
811122,Automotive Glass Replacement Shops,$15.5,,,
811191,Automotive Oil Change and Lubrication Shops  ,$9.5,,,
811192,Car Washes,$8.0,,,
811198,All Other Automotive Repair and Maintenance,$9.0,,,
811210,Electronic and Precision Equipment Repair and Maintenance,$30.0,,,
811310,Commercial and Industrial Machinery and Equipment (except Automotive and Electronic) Repair and Maintenance,$11.0,,,
811411,Home and Garden Equipment Repair and Maintenance,$8.0,,,
811412,Appliance Repair and Maintenance,$16.5,,,
811420,Reupholstery and Furniture Repair,$8.0,,,
811430,Footwear and Leather Goods Repair,$8.0,,,
811490,Other Personal and Household Goods Repair and Maintenance,$8.0,,,
Subsector 812 – Personal and Laundry Services,,,,,
812111,Barber Shops,$8.5,,,
812112,Beauty Salons,$8.5,,,
812113,Nail Salons,$8.0,,,
812191,Diet and Weight Reducing Centers,$24.0,,,
812199,Other Personal Care Services,$8.0,,,
812210,Funeral Homes and Funeral Services,$11.0,,,
812220,Cemeteries and Crematories,$22.0,,,
812310,Coin?Operated Laundries and Drycleaners,$11.5,,,
812320,Drycleaning and Laundry Services (except Coin?Operated),$7.0,,,
812331,Linen Supply,$35.0,,,
812332,Industrial Launderers,$41.5,,,
812910,Pet Care (except Veterinary) Services,$8.0,,,
812921,Photofinishing Laboratories (except One?Hour),$26.0,,,
812922,One?Hour Photofinishing,$16.5,,,
812930,Parking Lots and Garages,$41.5,,,
812990,All Other Personal Services,$13.0,,,
"Subsector 813 – Religious, Grantmaking, Civic, Professional and Similar Organizations",,,,,
813110,Religious Organizations,$11.5,,,
813211,Grantmaking Foundations,$35.0,,,
813212,Voluntary Health Organizations,$30.0,,,
813219,Other Grantmaking and Giving Services,$41.5,,,
813311,Human Rights Organizations,$30.0,,,
813312,"Environment, Conservation and Wildlife Organizations",$17.0,,,
813319,Other Social Advocacy Organizations,$16.0,,,
813410,Civic and Social Organizations,$8.5,,,
813910,Business Associations,$13.5,,,
813920,Professional Organizations,$20.5,,,
813930,Labor Unions and Similar Labor Organizations ,$14.5,,,
813940,Political Organizations,$12.5,,,
813990,"Other Similar Organizations (except Business, Professional, Labor, and Political Organizations) ",$12.0,,,
,Sector 92 – Public Administration,,,See footnote 17,
,"(Small business size standards are not established for this Sector.  Establishments in the Public Administration Sector are Federal, state, and local government agencies which administer and oversee government programs and activities that are not performed by private establishments.)",,,,
